pl_name,pl_orbper,no_of_transits,pl_orbsmax,pl_bmasse,pl_rade,pl_radelim,pl_radeerr1,pl_radeerr2,pl_trandep,pl_trandur,pl_bmasselim,pl_bmasseerr2,pl_bmasseerr1,pl_orbeccen,pl_orbincl,st_rad,st_mass,st_teff,pl_ratror,st_met,st_metlim,sy_jmag,pl_controv_flag,st_logg,st_tefferr1,st_tefferr2,st_raderr1,st_raderr2,pl_orbsmaxerr1,pl_orbsmaxerr2,sy_jmagerr1,sy_jmagerr2,pl_bmasseerr_avg,pl_radeerr_avg,st_tefferr_avg,st_raderr_avg,pl_orbsmaxerr_avg,sy_jmagerr_avg,g_planet_cgs,g_planet_cgs_err,pl_Teq,pl_Teq_err,pl_tsm,pl_tsm_err,A/H,Feature Height (ppm),scale height (m)
GJ 1214 b,1.580404531,1,0.01505,8.41,2.733,0.0,0.033,-0.031,1.343,0.86966,0.0,-0.35,0.36,0.0062,88.98,0.2162,0.182,3101.0,0.11589,0.24,0.0,9.75,0.0,5.0286,43.0,-43.0,0.0025,-0.0024,0.00011,-0.00011,0.024,-0.024,0.355,0.032,43.0,0.00245,0.00011,0.024,1105.6738668774178,53.37327766932817,518.4051724509364,7.993180029666558,380.58475799071584,23.734690991627097,11.139731460885825,1362.184799583551,79351.60995951768
GJ 3090 b,2.8531054,1,0.03165,3.34,2.13,0.0,0.11,-0.11,0.1395,1.281,0.0,-0.72,0.72,0.32,87.14,0.516,0.519,3556.0,0.0379,-0.06,0.0,8.168,0.0,4.727,70.0,-70.0,0.016,-0.016,0.00027,-0.00027,0.021,-0.021,0.72,0.11,70.0,0.016,0.00027,0.021,722.9322057702495,172.80652394341482,633.2974086440051,16.097027491855087,201.5910265223682,55.22954780052977,11.998855484297742,375.0774336283187,148259.8648468228
K2-138 d,5.40479,1,0.05893,7.92,2.39,0.0,0.104,-0.084,0.083798,2.7,0.0,-1.35,1.39,0.043,89.0,0.863,0.935,5356.3,0.02532,0.14,0.0,10.756,0.0,4.54,41.8,-13.1,0.031,-0.018,0.0004,-0.0005,0.021,-0.021,1.37,0.094,27.45,0.0245,0.00045,0.021,1361.5691170620178,258.73244599891166,904.0866069151292,14.073875722133884,18.61347715619041,4.0525993956381,9.52081887934584,90.49232170744418,112378.64850195548
K2-138 f,12.75758,1,0.10447,1.63,2.904,0.0,0.164,-0.111,0.085069,3.2,0.0,-1.18,2.12,0.062,88.8,0.863,0.935,5356.3,0.03085,0.14,0.0,10.756,0.0,4.54,41.8,-13.1,0.031,-0.018,0.0007,-0.00088,0.021,-0.021,1.65,0.1375,27.45,0.0245,0.00079,0.021,189.803708155302,192.97147497997503,679.0198320832703,10.564120905919202,123.7864387513892,126.74829080866589,23.679148005016703,1473.3625715773028,605468.0452906128
K2-18 b,32.939623,1,0.1429,8.92,2.37,0.0,0.22,-0.22,0.3098,2.682,0.0,-1.6,1.7,0.2,89.5785,0.411,0.359,3457.0,0.05375,0.12,0.0,9.763,0.0,4.7864,39.0,-39.0,0.038,-0.038,0.006,-0.0065,0.028,-0.028,1.65,0.22,39.0,0.038,0.00625,0.028,1559.4752080671583,408.701874391253,258.59024707677503,13.542313735145688,32.105484348174635,12.387506574357188,12.322139379610956,127.87194169703318,28063.842065040488
L 98-59 d,7.450729,1,0.0494,1.64,1.627,0.0,0.041,-0.041,0.1445,0.84,0.0,-0.07,0.07,0.006,88.44,0.3155,0.2923,3415.0,0.0448,-0.46,0.0,7.933,0.0,4.91,60.0,-60.0,0.0062,-0.0062,0.0016,-0.0016,0.027,-0.027,0.07,0.041,60.0,0.0062,0.0016,0.027,608.385780179526,40.18084186574586,380.6579289272226,9.834606820421872,327.8124994124873,32.62331466985521,13.58244495060432,619.6028110359189,105893.49614237437
LHS 1140 b,24.73723,1,0.0946,5.6,1.73,0.0,0.025,-0.025,0.538,2.15,0.0,-0.19,0.19,0.043,89.86,0.2159,0.1844,3096.0,0.0739,-0.15,0.0,9.612001,0.0,5.041,48.0,-48.0,0.003,-0.003,0.0017,-0.0017,0.023,-0.023,0.19,0.025,48.0,0.003,0.0017,0.023,1837.4102438056143,81.89282407127625,206.2954597930245,3.964814102954924,61.64601573983464,4.035096942019602,12.307803751631672,228.7682196772528,19001.898682246872
TOI-1064 c,12.226574,1,0.09429,2.5,2.651,0.0,0.043,-0.042,0.12063693,2.37,0.0,-2.0,1.8,0.088,88.455,0.726,0.748,4734.0,0.03347,0.05,0.0,9.097,0.0,4.6,67.0,-67.0,0.007,-0.007,0.00132,-0.00136,0.023,-0.023,1.9,0.0424999999999999,67.0,0.007,0.00134,0.023,349.325963634453,265.7238957413848,579.3909550668909,9.591301297596027,156.44373983611987,119.21292438188392,14.25293600884099,530.3620510150962,280707.6876974328
TOI-1136 c,6.2574,1,0.0669,6.32,2.879,0.0,0.06,-0.062,0.0813,3.4880319,0.0,-1.3,1.1,0.11,88.8,0.968,1.022,5770.0,0.02725,0.07,0.0,8.363,0.0,4.47,50.0,-50.0,0.036,-0.036,0.0005,-0.0005,0.02,-0.02,1.2000000000000002,0.061,50.0,0.036,0.0005,0.02,748.7624576060178,145.6677388172651,968.0736471778304,20.186859438498992,106.11470457862129,22.79474618026104,10.340579287262836,183.22761582509133,218815.3568474925
TOI-1260 b,3.127463,1,0.0367,8.56,2.41,0.0,0.05,-0.05,0.1082,2.06,0.0,-1.54,1.54,0.0,89.03,0.672,0.679,4227.0,0.0329,-0.1,0.0,9.698,0.0,4.57,85.0,-85.0,0.01,-0.01,0.0011,-0.0011,0.023,-0.023,1.54,0.05,85.0,0.01,0.0011,0.023,1447.2714403760838,267.2091789521189,797.7959315744145,20.86990491134148,41.831282456874405,8.146102860904312,9.736619723192238,127.7671785528372,93294.33783169172
TOI-1422 b,12.99894,1,0.107,9.5,3.83,0.0,0.11,-0.11,0.13395838,4.46,0.0,-1.9,2.0,0.2,89.53,1.019,0.9903,5840.0,0.0356,-0.028,0.0,9.585,0.0,4.412,62.0,-62.0,0.014,-0.013,0.003,-0.003,0.022,-0.022,1.95,0.11,62.0,0.0135,0.003,0.022,635.9696197338213,135.5562368057999,794.9064396922664,14.937299358257246,70.15365999007705,15.798544726678546,10.134206367412174,208.40616866215515,211540.2955597301
TOI-1468 c,15.532477,1,0.08608,4.1,2.126,0.0,0.092,-0.093,0.276,1.86,0.0,-1.1,1.1,0.111,89.22,0.3714,0.3527,3376.0,0.0526,-0.01,0.0,9.343,0.0,4.846,45.0,-44.0,0.01,-0.01,0.00065,-0.00065,0.021,-0.021,1.1,0.0925,44.5,0.01,0.00065,0.021,890.7742391057014,251.24425048152688,309.3002161642257,5.94341003273972,89.6133873262774,27.237286096427702,12.677648518205816,302.6366475793862,58765.98717871228
TOI-1758 b,20.705074685,1,0.141409,6.9,3.62,0.0,0.337,-0.269,0.1822,3.6727,0.0,-6.3,6.2,0.0,,0.81,0.88,5169.0,0.0406,-0.02,0.0,9.315,0.0,4.53,122.0,-122.0,0.05,-0.05,0.005424,-0.005863,0.023,-0.023,6.25,0.303,122.0,0.05,0.0056435,0.023,517.061571998339,476.2842326047678,545.6554296510881,23.83363858332177,100.33097527167972,95.22375341572916,11.572659368685478,300.5652004164502,178603.38279255634
TOI-1799 b,7.094570865,1,0.072502,4.0,1.642,0.0,0.227,-0.168,0.02842381,2.5704,0.0,-1.8,1.7,0.0,,0.957,1.01,5690.0,0.0157,-0.064,0.0,7.73,0.0,4.45,123.0,-123.0,0.046,-0.046,0.002987,-0.003255,0.019,-0.019,1.75,0.1975,123.0,0.046,0.003121,0.019,1456.8807277635467,727.3840941596045,911.8033990403044,35.409896800441935,39.49183769146575,22.76999800191782,10.312903251873967,51.61764705882357,105923.09691878452
TOI-270 d,11.38194,1,0.0721,4.2,2.0,0.0,0.05,-0.05,0.31470462,2.117,0.0,-0.16,0.16,0.0066,89.68,0.38,0.386,3506.0,0.0491,-0.17,0.0,9.099,0.0,4.872,70.0,-70.0,0.008,-0.008,0.0005,-0.0005,0.032,-0.032,0.16,0.05,70.0,0.008,0.0005,0.032,1031.097209753592,64.81368442985055,355.0128252545304,8.1068818515895,89.34866979763221,8.748747098566048,12.365983209283284,263.04294638209313,58271.72740889725
TOI-4438 b,7.44628,1,0.0534,5.4,2.52,0.0,0.13,-0.13,0.40457242,2.021,0.0,-1.1,1.1,0.14,89.34,0.372,0.368,3422.0,0.062,-0.19,0.0,9.695,0.0,4.68,81.0,-81.0,0.018,-0.018,0.0037,-0.0037,0.021,-0.021,1.1,0.13,81.0,0.018,0.0037,0.021,835.0317539306707,190.6730560409471,398.37200521627,19.29467562934845,123.7033154366538,34.38219002725376,12.053763788080408,467.10437272254063,80741.95899870104
TOI-521 b,1.54285047,1,0.0195,5.3,1.98,0.0,0.14,-0.14,0.21544856,1.18,0.0,-1.0,1.0,0.0,88.6,0.421,0.42,3544.0,0.0431,-0.12,0.0,10.921,0.0,4.97,100.0,-100.0,0.028,-0.028,0.0003,-0.0003,0.022,-0.022,1.0,0.14,100.0,0.028,0.0003,0.022,1327.5650229310995,313.0290703666,726.3156808218597,32.165150010429485,49.48248197251708,15.675291710970262,10.499712080907113,286.24557522123945,92594.0500006442
TOI-561 c,10.778838,1,0.0889,5.93,2.865,0.0,0.041,-0.041,0.113,3.739,0.0,-0.67,0.67,0.023,89.61,0.843,0.806,5342.0,0.03115,-0.41,0.0,8.879,0.0,4.47,57.0,-54.0,0.005,-0.005,0.0013,-0.0013,0.02,-0.02,0.67,0.041,55.5,0.005,0.0013,0.02,709.4401337379564,82.68782246371772,725.5623780453545,9.465545095374008,86.8457882742011,10.637974991434804,10.887343888837805,200.23555439875065,173090.1935831496
TOI-969 b,1.8237305,1,0.02636,9.1,2.765,0.0,0.088,-0.097,0.1435,1.519,0.0,-1.0,1.0,,86.75,0.671,0.734,4435.0,,0.175,0.0,9.596,0.0,4.55,80.0,-80.0,0.015,-0.015,0.00017,-0.00017,0.026,-0.026,1.0,0.0925,80.0,0.015,0.00017,0.026,1168.8571386537956,150.38103083646016,986.93862588902,21.183860583574,78.50532036917069,12.350886795303994,9.2941116391971,214.96980739198327,142903.27244764974
